Demographics_id,external_id
dm_621bcc46f082d1d4b1440e5c2d129b86,GSS1918
dm_1109be002695a04549870e397bcdbdee,GSS1540
dm_f49ec5f8f7c9b84e4f1d87c8c9668505,GSS1336
dm_69c8bd2d58bea341a82755295c9ccaf2,GSS1681
dm_4a38fda5bd2d8aeca0b9d50a26c43ed5,GSS1228
dm_c01cf5fa9831d49274704b877a867110,GSS1507
dm_54f73f27414a6138aa3b9b4813c2eb95,GSS1124
dm_9e2a8a32ec9d766c544cd404357daeed,GSS1714
dm_c2f63aced815831741104dd7d140a28a,GSS1357
dm_a923b6ba125688608f4b9a26f7f2af82,GSS1313
dm_551a3280f6e9527bea15a089afa9fe15,GSS1460
dm_3a3f073496794c46ef02924f5772d16f,GSS1667
dm_b924ec7dd69bef83a8caf85c066b7ce3,GSS1501
dm_aa154ee2373800a74994a6ae1d5826d3,GSS1665
dm_62af627907af530e11ddbfc2ee74d9ec,GSS1704
dm_933f5f505af1f033c6bb0235fae0ab0a,GSS1254
dm_971e12a10f34d34f5b2d129daaef48fa,GSS1533
dm_8da17a22a117a0f7c370885fb037fbe1,GSS1119
dm_1183b9c93988e5f0fee141d3bac88628,GSS1503
dm_25a375daf622d2719cfb8ead0c9fe52f,GSS1391
dm_d8d7f0d66220b822e9b0b9e2f2426965,GSS1608
dm_585cfa0a1204ec616d0cf80b7d1ca155,GSS1606
dm_7aac436e6dc5bfe6bde09ffcaae41b53,GSS1517
dm_850c759ff6a9449fa8a3b60b5144b141,GSS1732
dm_fbc92eb9ada440bfbb0e662fb0f5f2b5,GSS1729
dm_9a34c60edca5f952b0256d2d5e83aa56,GSS1261
dm_f23b5819eb788d5c9489d7cb54d98f59,GSS1377
dm_f10e9538d50ebe3b2c5c2d37507c895e,GSS1108
dm_a6c63385f59daff8e6bf082b7bca4a02,GSS1343
dm_ddaac3fad03d753b9c528e79b98fc1da,GSS1888
dm_7d7c1f7209a34f5e417887a9ad7ec157,GSS1613
dm_5d01bbef6807376a9be468b8177cbc8c,GSS1339
dm_6be608c299f4218ab889e7d01a9c943e,GSS1370
dm_d74162ad97d68da9a55529516f2df81c,GSS1698
dm_ee12247310d6bca8ce38e167292973c8,GSS1752
dm_ef468fc35d931f85755d0f95fc8f1c19,GSS1445
dm_73888d3e09b2d9fc22b6c8e3103bcc8a,GSS1465
dm_861814bd6cab05aa1e97072853a5d5e4,GSS1310
dm_2db5debf6ab38101cacb6de36260441a,GSS1345
dm_579ca9c597d327ecd092eec979d082a8,GSS1629
dm_e964c1302bde82117a3ec337d5042971,GSS1787
dm_9537d39ba34cc74a8ed3bbaed0140e8b,GSS1674
dm_4f8484d297d37b20175cd8568fafc8ba,GSS1383
dm_837aa2eccdad45a2c12566195386a3d5,GSS1727
dm_c8538a8146de1c2c3a0c7d762e5f261c,GSS1259
dm_b43b50a8f390d56141d9d7840699727c,GSS1338
dm_fae4dcecf212c5b21df95dc9ebc3ac0a,GSS1964
dm_1cc775511bb800f7a6e96b99a672f2de,GSS1609
dm_88e42f41812bf1c2b26e972832a12856,GSS1700
dm_3d89b1a19b49bc066b0ce87611ea6cbc,GSS1392
dm_d408278055601f44bc0492588d353858,GSS1651
dm_fbd80ae0adab8e7c4c27463913ca2955,GSS1745
dm_3c40dc54617b5e537c0b50ab304c33ba,GSS1897
dm_ec304b7cb3bc4e564ca883bbfdead514,GSS1441
dm_d200404cbfa87c7adeef68eac27e6670,GSS1597
dm_285ec40f4a8e273d12194497895d2f65,GSS1317
dm_b997a53dfaeb3d27eb5c694bb7c99d7d,GSS1780
dm_d2ecd73602163b74e6c92146dabed00c,GSS1398
dm_080a3da5742b211591cbceb132da5bdd,GSS1374
dm_09a371ee4a62b79ba3957f22a0dff8b0,GSS1371
dm_7e5e0cce88ce195fbd0e72d8fccdfa16,GSS1734
dm_dcf564571670fb28a61f5d41ab579609,GSS1605
dm_e62e4097a690f41cd5f986dac0f1ada5,GSS2063
dm_5e0cf66c8a526a80db7eb75d96aacd65,GSS1314
dm_b04c5889e5a317c63fd6646da0c32976,GSS1022
dm_4e39f17a0a375bb42fd52c15ad203489,GSS1444
dm_92a33a426690f6df373bb2d37bf7c3c4,GSS1819
dm_9fcfa8f5037bddae3c735b929708bacc,GSS1298
dm_2a3b4552aa44c8406edbb00c5b1a2120,GSS1263
dm_0c7827a609ae5cdbc6d8aae5e5abf416,GSS1247
dm_cf3ea9802d42eba63ef33d5da83375c8,GSS1432
dm_993990f63e226d7a509b4fd41bfde3ef,GSS1403
dm_5105fed37e92fb797b6c9d45bca5f871,GSS1614
dm_3995f5eb37f412273741e05d408db584,GSS1326
dm_354e1627ccc5acbc9fc934ad27720d26,GSS1516
dm_6cff07ab3c42303e334dfec9a3246e67,GSS1626
dm_6eee8ab07aa657924d489d8253d4f047,GSS1505
dm_0289bc3810016bfc30f471aeb0ff8064,GSS1481
dm_9a536c677ddbaf2c6a669f0ce0474313,GSS1412
dm_14004cc4c486c389cca1c17d6daef771,GSS1429
dm_3d639ac80ce6e4500f81cdc97caa7380,GSS1420
dm_fed160386ca8576897245c7b09a3b667,GSS1376
dm_3f10ba801ad1d6244eb51a5fc64a6e9c,GSS1202
dm_83a69dc6e16a05d5e2dd6335cd3ff1ca,GSS1331
dm_9d24ef458be93c5a1dea7e39a6ceb408,GSS1468
dm_244ea78920b6e684017daf9f7e3c815f,GSS1502
dm_4129597169e7ae2260879cbe6850d88a,GSS1418
dm_c237c9abfe7eea16d772600099be6ebf,GSS1454
dm_834dc31a74a56d7b840dda5588040068,GSS1355
dm_01d66bd79472acb21ea9170fc6fef290,GSS1421
dm_3c163603677f081af8d3d257f722f543,GSS1638
dm_e50e46961fcf7ff0d378c10c11cca26e,GSS1708
dm_051cb580d4802524c055e1f43bd90f57,GSS1619
dm_d1a886e3061b627e080f0afd7d85e208,GSS1410
