SubjectAssertion_id,external_id
sa_c5f7eea862d91f21405593bab19c2f49,GSS1734
sa_301134daf75f047165070dd38e9e78ab,GSS1465
sa_1fdb9cf6488cbf6f994915bd63dc485d,GSS1732
sa_871c69c488fd3be23539016420f142a7,GSS1468
sa_69d447f8de9deafa6552a1c8c6aca9be,GSS1517
sa_d9aed15c347660db3a0ce3190f624ac7,GSS1505
sa_2ed8e66f2b8a6e8dea51f916d3cb616d,GSS1533
sa_5b00fa0922d5044b803c6f1b189e0a1e,GSS1108
sa_bc4c6a00334346c1cab4407b114bde38,GSS1124
sa_c9361e62b9489fd90da08e15de54da0c,GSS1481
sa_983305ce406e6b7f398fc89d6117e603,GSS1339
sa_24a887914aa695dfbf49690c9c0acbb7,GSS1383
sa_2062816bcb5234761fc2699343257873,GSS1714
sa_360968ce156f70b10c360d5e7176181f,GSS1732
sa_fd1a1841c31ad00ee58c00061fef3149,GSS1727
sa_d4eeaddbd255506da55057e3d4251c71,GSS1412
sa_b6a9ab4fb67b2bbac0474cc9f7316668,GSS1383
sa_49559ede4131e198e16ed113a4099bf3,GSS1441
sa_68a62217fdaaeb0b1a98fe700e6e3b36,GSS1727
sa_e460b059b57d720eeffcc8ff3acdff7d,GSS1745
sa_e01c237b20bee28b17adcaaa636241e9,GSS1700
sa_f030fe3a568e790e81c02579a8ae1dac,GSS1468
sa_b986796d9e9e69a9f71ca59aa2dd7200,GSS1626
sa_cd268109b71601fec7adb7d1081aa9a1,GSS1432
sa_4aad622fc60c12ffe012a8253ea000d4,GSS1108
sa_fdd81eee47a794b352b27c97c5049260,GSS1597
sa_a2b2992382aad28f5811785d6066aea1,GSS1124
sa_ab553a2ea3afaccf16b4aca2b40c6993,GSS1339
sa_cf8066032fbcfa04889b83e289607e79,GSS1619
sa_051f8df5da68da5ac930abf273bd702a,GSS1460
sa_2103a9c7ba0e4eae4ef155b7d464c3d0,GSS1254
sa_a7bfe734e0f945513061fc78e2e13295,GSS1732
sa_f36d93ef8d80456b5143ffe8c126d273,GSS1454
sa_627a3fbace2d0fa823c49d19558d7308,GSS1613
sa_a66e17be0acc2adf6581a64a24c28c51,GSS1752
sa_4c4fcebecfbc12e1736626b03dacbc20,GSS1502
sa_ea14a44f252afda3d70dc0ed322ee5e2,GSS1667
sa_4e0ab43e89fcbddb6abc235b54e1e1c6,GSS1421
sa_437938895d6557af7ba5110ab45c0c07,GSS1729
sa_107a7e3f38757a682b72842cab611b40,GSS1418
sa_5bf949e4e76915c65482661141ea87f9,GSS1651
sa_9b3e9f5e158a8ad925c8135aa807ca98,GSS1261
sa_a6884ca1e1e1df4366643327879e8ae7,GSS1371
sa_d846f6bf92f28cc56ed8b98f082d5f9e,GSS1714
sa_a4995fc5dde580921fe1f6ef3040ef53,GSS1964
sa_700f42e411bfc1b5f9472bca16289904,GSS1343
sa_7ee4cbf29442f2c0a08f8040a3d758de,GSS1629
sa_c297651a05ae4270abf0c9f11eb63d06,GSS1918
sa_f62b1e4f41e59da433cd85d87b008e02,GSS1605
sa_764bc33219a498335a7ca3d95eb5a3ee,GSS1261
sa_474d22cb23d9397f01131c731dfe1aac,GSS1247
sa_90f35251ec65584f4047474cde7d4f9b,GSS1331
sa_c978b66736b80de3856e7df1840e9600,GSS1503
sa_f7b8d9af32725168ac30bb389afbbddd,GSS2063
sa_3e91f10baadc0f71a0e4f8d2e3d99dc5,GSS1454
sa_0698670511ede3e476a18edd87537ed3,GSS1674
sa_27df08b7e05ab65620ff0bb36a948e1e,GSS1383
sa_7be95dad13cb90c71a7ca2b52d388ff7,GSS1310
sa_b754892217f4958cdf27ed949ab628a5,GSS1202
sa_fcff172251c7d8badd29ce78031f5eff,GSS1533
sa_1bbf731378f85c3a0143af5705b472dc,GSS1964
sa_75d3e69e7565506c6383abcf777a8185,GSS1787
sa_7fd7352ec5dcdca12682dac0f305a268,GSS1507
sa_40d3374f3cad4e1abf803113827dabd0,GSS1517
sa_72ac4e684d7972a70044846c32735779,GSS1310
sa_b988479ad9396b1a5b7c76ce1eb9597c,GSS1533
sa_0dd445c30e3200454b3a887cee79a19d,GSS1517
sa_e67826f8e932966a86f9e3bb4b599108,GSS1704
sa_dc34946d8fae738dd2728d2d0765c9fc,GSS1421
sa_8026bc3a7853b60dab600bf408b80c14,GSS1918
sa_5318032b027914b5c80b927c47017f11,GSS1338
sa_c6f9e9d100da0709ef1c00f6e7445222,GSS1331
sa_5c5a4709f08da5a8b6f49830ed0cbc0e,GSS1418
sa_1effa0abe4203666fb3925835c783659,GSS1403
sa_1b1f952ce0df50d29dbbef7c67333ac4,GSS1259
sa_4949a39b11156876412696ce6afc8f0e,GSS1517
sa_4af01d998d6131b9bd2f0400dbc3709c,GSS1261
sa_55f7aa7f3a36f78bd582550aa6d24696,GSS1780
sa_a6ed697833b6371f121c41579198705b,GSS1432
sa_50c05aac1d4e64e27522f93bec6a0034,GSS1613
sa_f60a4148627850a4f8964f834b6bc112,GSS1228
sa_eec5c25f0cd29e4d02d29a56fc29ebde,GSS1119
sa_8371218d08fe542b09a705dd5a6d893b,GSS1714
sa_30e460472c89b63e2f00f24b9b36f501,GSS1505
sa_61fb1cca6f789d34e4dde001793085b8,GSS1540
sa_ae2c3be44a8e02e3b94711a1179840d8,GSS1263
sa_0a965aefab2c9bdbdc575faa36afe987,GSS1608
sa_ce0445f521387a2841f512241d0c2c3c,GSS1732
sa_ee7df1c142c4c9deb8d72a2b737c553b,GSS1421
sa_7494925fc007a8d9e5f6c45c0f4c6d48,GSS1259
sa_999aed5a4d9a2c7f07be092bbf83beb8,GSS1727
sa_e53ac5062d466ae9566c3f819ef2f082,GSS1124
sa_48783bb33caad7bec858c6ee4561d558,GSS1704
sa_2c3baee1470923db88aec8b62acfc2db,GSS1228
sa_27e097ab954d814a03e10269ec1619c4,GSS1418
sa_c8301cd0542e515be0e65644777400d1,GSS1614
sa_285dbb5d417d702b4bcccc114f0844f5,GSS1502
sa_379523072492e08f62cc78c061c48b76,GSS2063
sa_431132f4c58dec67607f60e919f290c4,GSS1398
sa_0fc5a7eb92fa095e57bc854a13c96891,GSS1638
sa_87193f2cb666c12747dc4bd41c153c3c,GSS1263
sa_dcf5956e73e92096d8d2eb13b0d550da,GSS1533
sa_7fc707a3e8137d2b31a1604a7e2160f7,GSS1608
sa_c8ec10ee9c15bd4796723a6cfea329df,GSS1377
sa_894c094a2dc6bbfc1644204b6a50ce70,GSS1507
sa_730269dfeee084de19691e9e1e14fb2c,GSS1964
sa_d150148ae91d267ff9384386b3bfc0bf,GSS1507
sa_534b8adcf575854b9bf8de090b488091,GSS1331
sa_e57db6c360b555ccc16e8039fc7cdde7,GSS1468
sa_22f41c8182c7630cdc7ea4b2166b4539,GSS1606
sa_d196ebb3bef55f50831e05018b93cc0b,GSS1310
sa_d2ad17aa97f55f5462f79705ea716082,GSS1651
sa_1dcf262a72f8e7d1e18f74b83458cf89,GSS1681
sa_0478be6d85d6dfcb668ddf4e3c0cbab7,GSS1613
sa_f84669f280bb068853716b9f3df0d30b,GSS1608
sa_a2e325855a7d1b5c9d6681ba329c27ff,GSS1729
sa_d42675fd55f6d1863aea19aed05c6355,GSS1259
sa_2118490708cdeae7935e8d06f706d1b5,GSS1704
sa_ad214f07cd520620d3ff01430f0991db,GSS1398
sa_c0ffc5ed0a7981e49529d99c21bec3b9,GSS1517
sa_903cf94939ca2c3863574e48d357c23c,GSS1124
sa_2615556794b82081673f3dfeaf3c6d25,GSS1516
sa_ae6448cd7767778452a98b4cd2988799,GSS1336
sa_fda89a040d535e71fa83ead2b78b9939,GSS1533
sa_25e731d1104b2a067973feb307826d9e,GSS1357
sa_7552cbfccd5328a881683b1cfbec6eb4,GSS1507
sa_f1849edc24e885fcf3d018004806495e,GSS1533
sa_14a0d8434976091d52989e7272acc05d,GSS1597
sa_daf7ec7d0e6535b10d167a158f95a705,GSS1398
sa_990d4bb70e08465e2cffcfe83fc881ff,GSS1326
sa_4c9afa69172c809eea47071eec8e55b0,GSS1374
sa_ffa280ad636a56c41a03652affaa14db,GSS1629
sa_2c97f91418ed288bc7dac541c45db3d6,GSS1732
sa_e85a9ea2e9305408cb77c0220ccbd993,GSS1421
sa_1e12a895334a1c20acb1872812f4cf58,GSS1374
sa_d88c3fb157241a6aaf239f4e779a28b5,GSS1326
sa_abc52ca223bd06e966b9e3b443deac93,GSS1331
sa_c0d8c7038dcf1e30d92588dbcab5c157,GSS1432
sa_e72accb63f2ed4063c426680fcdcd03c,GSS1629
sa_3b39fa85d022f83de45d5773f1a82cb3,GSS1326
sa_852116d9396e6a5c447befcf662949ca,GSS1261
sa_c551a2b152c1fe8e27e18fa307cf828d,GSS1681
sa_91cfbacf3d40d722fedd32d6aa12343c,GSS1888
sa_06d36f7931f25bc7a9fb68f80998d4bb,GSS1700
sa_ccf3177d3f8e144484ea64f105304591,GSS1727
sa_3d955aecff945a5d89a1d9ca80e2302b,GSS1355
sa_28db9a7e9c578f18492ef3abc60b4ff4,GSS1626
sa_84e856c4a0d1d091efd69510bfd7ae26,GSS1681
sa_31c6495852b5b3ce2c2f0ff3d27d23b0,GSS1202
sa_cdeca32c2212bfe098593713d35de8bb,GSS1420
sa_6c96b8cfbc9deb5cd0900363de6c9e09,GSS1259
sa_8cd064c42dbf2c0af722a44ea2e2f56c,GSS1298
sa_21a5fd6a967610e13a3bc9fe71853aec,GSS1345
sa_2c63b3a98b4e45729e9187b44eadacef,GSS1374
sa_ce933edde9b4416fabbdccba211bf83a,GSS1441
sa_1e402134314cedd993f887c890b52c72,GSS1651
sa_ba4bcf734b86f148690bbd574f122619,GSS1124
sa_aa54ee18b0383505a1dc6c3348b9d821,GSS1681
sa_3b2d7e43802a2ddac0374ceb8967f717,GSS1371
sa_5ee4782074fd848a5f4ab3e8820243fe,GSS1314
sa_276e7d0530e3a9add599ddcf2faae5bd,GSS1614
sa_76d6aff51746b531b936a5142d0cd57c,GSS1298
sa_325ca2b2f79bc266172eaab8d2124937,GSS1888
sa_fa80e2b6a0e229c22c223c7feb35abb7,GSS1918
sa_298e777d86b9d6ec29d7f15a53a5c211,GSS1698
sa_f580fe5443d7dc84071220efe80b2f44,GSS1674
sa_125835e5c7a8f8f1c5aab875337edfa7,GSS1613
sa_3473ebcba3915ae1f8760b84af6fa6b5,GSS1313
sa_73b989eb618518919fc2b69c37b2644c,GSS1326
sa_1f32a03253557b81870e61621693f021,GSS1345
sa_2cfd9c84591e7e2745281279b2660ffc,GSS1609
sa_cf2cdec3a485fa47966be9d01978e128,GSS1507
sa_671d95455cefe6678ffe3399eec8a243,GSS1355
sa_df6c8dd25ce058c990d9ba532acf3454,GSS1732
sa_04dd2e79c3719de8744f7b80f43e3fd4,GSS1609
sa_382cb08171ff7a0bbaf8fafd71f06c5e,GSS1119
sa_f28a932208d7ad98f6299c7ab0cecca6,GSS1667
sa_252a54091e194096d939812ac3cf8f19,GSS1780
sa_deeb906d1153758a7e7e309354fd647b,GSS1638
sa_eb2becfe0a96618ad26af0e06cea3b1e,GSS1377
sa_c0797ae081149f9712bdf58b63853b38,GSS1704
sa_30a389a27002cc1a24e28766107c45af,GSS1745
sa_d6fede2d57e3d6c70828c7300893b54e,GSS1370
sa_4326cc6abb858e0f5f9b616994ae3181,GSS1503
sa_61056c83a082960572f9ea3dacffa5bf,GSS1398
sa_34184a64fbd825ce7666d60f897fef57,GSS1517
sa_99cde36780d7aa21e0429b3034d6ad34,GSS1326
sa_d325065d3d9870aa5cc50d3b3235af7e,GSS1507
sa_37861616322b04556f5321ddd25b19d4,GSS1732
sa_6e930848b1e149261de9190a0c8daf8d,GSS2063
sa_fd32bdb6680e8deb960d5f59d2503a2b,GSS1698
sa_eca827a36df3266ca11f67e405895b69,GSS1507
sa_5d375b25b8fe05bc7a95e2ac96e1532b,GSS1502
sa_a171e237bdd2c17c20ec9966694cb31c,GSS1376
sa_3d00e51869a70545018eda9113f8c58a,GSS1410
sa_9c6205a4b937188a43d9399e66f415ab,GSS1317
sa_ff134c03c26c2503eea4b875480bfc01,GSS1608
sa_3a60c674fdab5bdc602928740b30c67d,GSS1420
sa_75374e30e2982546609a306fbec04b7a,GSS1734
sa_33314c994338b04dc8be5485dea8e822,GSS1338
sa_335912e3ba7c10caafd4cb1241d8d33f,GSS1228
sa_66b4d575958092766600af4cd88b6cfe,GSS1597
sa_cc5ee0a88c292dc23bc2706b1b8db44d,GSS1629
sa_ce3a7cd6250cb10894c501d564b1664b,GSS1745
sa_907fedac301829bed0a71aa815c755a3,GSS1734
sa_d30374b8788dea17674d3f986a7c0def,GSS1445
sa_4388b7334574e0f7b21b0ecdfecf55ac,GSS1745
sa_7c55408188260a6ee31157bf4641f2fc,GSS1605
sa_a28e51eb299ba39606746c33ed21e197,GSS1336
sa_1e67573b9eac49de01aae99c539c4ffd,GSS1714
sa_92a66d513460fad9400cd4bd2313282b,GSS1338
sa_ae837183a126513decdbcff1619291c6,GSS1787
sa_00de6a7cc2d259c7a7d35e17577fb422,GSS1609
sa_f7858f35ea62ad6557e66973a6c9ab54,GSS1298
sa_819ecafd4c75a124eea737c47777e38d,GSS1626
sa_b2844a73c4cb554a72d819c57db0f85d,GSS1638
sa_991c3aea7535355c151f4de302c3be10,GSS1331
sa_a1d7773f266315673e7d94585ce2a6c0,GSS1228
sa_4f126ce4c5a00d18b73399db34d6f5c3,GSS1228
sa_5142cd2d68d50a75b2687248634a0120,GSS1516
sa_0166afeaabb5812eebe27ffc48c4bbef,GSS1444
sa_f6898a8e66b30b059a6e309dbcdabdbc,GSS1310
sa_77463eb5db0cac55ddc861e8228ff67b,GSS1445
sa_a31a246a78ae3cb48a69cd24b6ec32d7,GSS1533
sa_502449bd2ed0cd85935d27ccee19013c,GSS1708
sa_a9d3fdb3b7868d9df36080eec0e70138,GSS1667
sa_fd31b64bf8375cb7d292912d703ebc3c,GSS1326
sa_c606a836b4f14e81ae8b870b817ffb7d,GSS1418
sa_488f445f3eb8852065ddbdb67bb9d783,GSS1481
sa_a75aba885f22ee6d745536c4f49da0f0,GSS1421
sa_67cb550412a3f5609097738391404f06,GSS1745
sa_c4042b9c3a20687cd0695ba1a9c5a61b,GSS1403
sa_1f8299495fa74b548ea78fdb143baebc,GSS1608
sa_fe2c19de1ba47c4cbc87f6b4009da6ac,GSS1613
sa_a294991887f6ef41f10f8a25aed022c8,GSS1507
sa_74eb488dbd1e9580582050ea88120b9d,GSS1392
sa_b956e03ce52207133dd31cc337a38f89,GSS1398
sa_239e43f6a188adda362c41cb9ebdff13,GSS1391
sa_6e66e0187485d3569d140f633a545ad5,GSS1517
sa_91e7017bde959de8526ca7ce10d0f218,GSS1665
sa_3c341623765373d5c3594a3ad3dc3c81,GSS1310
sa_435957fda043113aa1e12673cbfaaaf0,GSS1700
sa_98df927422d2a9648670c024c4a8feb6,GSS1605
sa_4560bdc2c7857f7de09ddfa3762c4ba3,GSS1454
sa_e3a153bcccd6c2c86cc1bf532c12b3c4,GSS1398
sa_219b0d60a2a729fb5fd1cc83a260650d,GSS1608
sa_f4b7d29c6631d26eaf1acead6872d5a3,GSS1614
sa_14de4c55eea5255f5bf6603e89e4736f,GSS1247
sa_c706e96dfd8e29323d40f769dfbdb7c5,GSS1261
sa_62a4457bfc8522e280527de861838b1c,GSS1263
sa_799e9f4d3ae8b2de57dde2b0a1033407,GSS1454
sa_5391e5d5a4c00e6a07ea685d7af3e47a,GSS1374
sa_6078a249c19e600b42eb980512688c05,GSS1261
sa_aa0e8e224806a8bd86a214b265f89caf,GSS1371
sa_3a9aaf27b7e783cdc1875e8aa5e4fe2a,GSS1614
sa_08f878916ed40710f3388a472e19ea20,GSS1597
sa_e0501f3926bb76b29120c684151ee5c6,GSS1355
sa_05c19423a7f880da3173e1785abaa316,GSS1392
sa_98e5213144a2a49250990e3837bb8064,GSS1465
sa_a8439bf786da5a261db3ddbd60f968c3,GSS1108
sa_dc4ecba03a5e3ca3e15a8a95523c5e04,GSS1355
sa_e39cdfe06c124ed9bceb17508fa0f402,GSS1454
sa_6857d31639b71056575d889aeb832940,GSS1108
sa_c4be0bdacae9ba8b22288d490fee5e44,GSS1609
sa_61f93d7e3628bf1644d170e7dc423a04,GSS1629
sa_1c0bcfdaf7b25966799655b1bf48b283,GSS1605
sa_e387fd7f2e826dde2b50995651678b35,GSS1502
sa_a4366a888ac2cefaa45b70170a97f229,GSS1254
sa_212015a7fd1b588e320728026af01457,GSS1370
sa_d0d22b43ff0e5b8918af6ead66787f68,GSS1606
sa_d15d5395a522ad12f72e26e44ce0503f,GSS1516
sa_a9eb8cc99c038c844aac6690e2869f64,GSS1374
sa_4fc9183f4c8e40a0077dcb37ec296f57,GSS1310
sa_5d2b77e75e9de763228038d38c01e686,GSS1108
sa_2338ac013bb73785d139857582b6eed9,GSS1254
sa_e688ff9c9bb77e83d2ce3f7b6a58c2f2,GSS1108
sa_ce6fd5d609735cbcacd8bf2f6129cc20,GSS1371
sa_45fea70b021cd116755120ab948fc688,GSS1370
sa_51fd52aa01523a55bec2cfb3a7c05dce,GSS1339
sa_05d24b3ea8b98dadb29a55daf6835ca6,GSS1502
sa_e36ca899535715601334a1fa89cc0873,GSS1918
sa_58880ffb4b8c5fe1a2e63a2e223da792,GSS1619
sa_21d989b657a8abef5c780f0b0d763371,GSS1517
sa_3390aefd766740ce07c5a84b89b12edd,GSS1345
sa_b0b317bcc0aa1b07dfa4517372136596,GSS1421
sa_e8f6749895e6f565e97b1a367b9583ea,GSS1918
sa_32a44251fd774fee3de6282c7b4c0a42,GSS1727
sa_1aa87fb61ed53a9808bfa20d83f98b5b,GSS1540
sa_bec3baac51eea93ab7429e8362acbbdc,GSS1445
sa_2bd605d1580e45af2cbde481a761e0d7,GSS1533
sa_977d56f0303d2e152f1c909202fe5de1,GSS1964
sa_340797c4cf8d4a976fb1321b2b57d4da,GSS1533
sa_aa838e470422235df14b07fcd4de9fa2,GSS1261
sa_2eb8a390493a5bcaaca37fc297a5bf39,GSS1339
sa_15e30e724aad9d6ef1db73f3992e86e5,GSS1374
sa_b9cc8359823d09bf1a9bed4dea132663,GSS1597
sa_ff7e9c4c672af48e2f42c24091d6f733,GSS1964
sa_512c6595f74804c849c2d8355ef16a56,GSS1674
sa_36724772365880270c21e05a7f605c91,GSS1714
sa_ec418c38d65fbbc16d11059303c9a625,GSS1468
sa_46d36fb66c5df364866840de600d19ed,GSS1202
sa_af227b7d52671d453de6b7480ba21818,GSS1780
sa_8be58a054b66e601df15e056497d4d1e,GSS1298
sa_396be232290f738d1abc31a03488e658,GSS1704
sa_773faa71540808c8fd90418eb564b86d,GSS1339
sa_7197ab05523e1365a1dda21224627f55,GSS1432
sa_155faecba83de5bb6c1a3e1f93dec437,GSS1819
sa_0a995da727233fc7b676fd5bee2d687c,GSS1704
sa_f947a86f8d2a5fd647d34fd652ee7643,GSS1261
sa_8711953b7e45021bc423e358b5df34ed,GSS1613
sa_e474730f7cb9c852cae3a823e3d18b31,GSS1420
sa_545dab6a78a2304d20f25a6fa5d443a0,GSS1698
sa_9ac0f4f454766858617f3218cda784e6,GSS1502
sa_4e853a9225eebc67a8114dd45bf3cbad,GSS1314
sa_158cb903c8ebc0f0a264053f90719945,GSS1468
sa_2d348fbe7e7b744643f2783d4bb3fc63,GSS1432
sa_93372a8ce809f6a63ee29015f3acfb0e,GSS1310
sa_fd69abab360366bc9dece636695387f8,GSS1339
sa_75798f83eb197966589d0197fa1456df,GSS1619
sa_877aa347612ce0598cf3de62b645186e,GSS1517
sa_a68f786efcbd5b1c2b0d48701cb4e076,GSS1503
sa_6569ee38188af1532e9226b280959fbe,GSS1355
sa_8724c1ebdc976dd9afe1008fd0bf5d72,GSS1445
sa_3d38abc48c4852969e5a87f90d6e971a,GSS1441
sa_cdafb3d0850f69d424bde0836784441b,GSS1505
sa_44b5c865adcb8528a9f5d4b00cb25d35,GSS1392
sa_20d3421572d1bba1005929eea8e949f6,GSS1254
sa_1327e81c2e5620dbf00d64a24c782cda,GSS1745
sa_d8c2c90a522324f33ce25a79de14ba1f,GSS1732
sa_b623607c2b7caa5c26db36f6fe98f8a8,GSS1819
sa_5c465d10db8783597c2f3918a5587f11,GSS1734
sa_9fa6e4b623eba53207405478d54345dd,GSS1502
sa_f64ce172a93dc3047cdcbeeb746f42a2,GSS1503
sa_bb6f7d0bbf7c34b3c69f6aaa327bd594,GSS1465
sa_4224ea5a7478b76551ccd760a699b6a4,GSS1517
sa_7bb59b516904a3917b22d769299fcb1d,GSS1336
sa_4cbbbe4f9f69d41d1faae1c0f863d8a0,GSS1468
sa_f5b8ccd3f5ceb01f8a6db639a4855f18,GSS1460
sa_6fd6d881785ae61eef9b34a2cfe1ec10,GSS1403
sa_582b3dd573d8bea31a4da5ff76af76cf,GSS1418
sa_c5ef82ffd73b633c8d24e29514ba6a14,GSS1698
sa_a7a6aa5381c5c239107183a6e92ae91b,GSS1626
sa_63554bfa066bcf0608e909b372c33de7,GSS1124
sa_6074a63007cd4654c1101c918b983c26,GSS1022
sa_81947429420013759b70c75ac3ef673a,GSS1708
sa_c42503967e361dc690f2f27346e60870,GSS1629
sa_ec72830f80d56e1f24dea2be5b1c39c0,GSS1481
sa_67cec785a9054fbd1fa904327fb88bbc,GSS1343
sa_94f7431285810c07cc2040f0cf5a2685,GSS1331
sa_9c48947083a1387e57dd84c56fbf5642,GSS1022
sa_decc7d37d39c9fce45779a7f59469648,GSS1501
sa_5b21ebd1a8de3ac7da68c3181d225a70,GSS1421
sa_fe12285b1347b5fa04eff0af66480fc8,GSS1331
sa_64da663597a9a171a6a6bb4077b598a7,GSS1606
sa_ae62d92ffc56e58bcb5f8418d25ed07e,GSS1460
sa_db7c8ab5b9d9e498a72e3829ab7b7ebc,GSS1918
sa_b693f3727358ed28fb1fe93ac8be1824,GSS1698
sa_50227d9791a0dee9ed000f0d246a1fc4,GSS1108
sa_bd23afb0f3f3d22d64cc20d5f75275a0,GSS1376
sa_b6a245a36b430630dc8167d419c1c62e,GSS1501
sa_dfbf078155a216ef189cfcf1f1ac0496,GSS1667
sa_99b2b2e02ec6b4ab5b71303aa922287b,GSS1263
sa_7484c8702e9660623064cf44c5fbcad3,GSS1507
sa_16bd460ec7ba50e147d9a2a540c14046,GSS1022
sa_3e999acc25b0c56a67b886e135a45b3e,GSS1708
sa_245dd521c370cb29ba7a89efd4d336d0,GSS1665
sa_b303e6ea356aeb72330f36c4bd2f3df1,GSS1533
sa_19bc9f7832da4fcf917eb2af003d10c4,GSS1398
sa_d4b24697ed1be61ddae0f7972f91c7fe,GSS1540
sa_93bff77760b13ace71bc69350b74fd1e,GSS1503
sa_8ae68285c4ede7815134a48ce7f3c808,GSS1392
sa_c198749ef5295f039b46277881175196,GSS1918
sa_e9d8221ae67a9f8fa7649448a3c6ea41,GSS1432
sa_0b92a7ce66823d9c404e35139f0468e1,GSS1638
sa_89a94bc825266fae4f1daf1589d75511,GSS1507
sa_7c85b8d888a4d4df20694a2aeca97e82,GSS1507
sa_101d52503d8f4b7d9fc2b95fc43008f6,GSS1704
sa_872dc0984ada150692321b637459ec19,GSS1403
sa_e0547295d0e195257ab1c3c4120d2608,GSS1460
sa_da512fe89c5d74c732c6d14f4aa0d3c8,GSS1339
sa_e37599a3b101921f6ab9c44883fdc8e4,GSS1897
sa_aeaa5ad5f300200f1c3be83d77693fe5,GSS1540
sa_128efb9a84bdae4728039624b530ab7e,GSS1918
sa_bd43539097ce2b92c0938e24a0336484,GSS1964
sa_22bcf410062de4a518c388ca2ee29b5b,GSS1517
sa_e7226e575a40f679c631d5faf07ddc3d,GSS1505
sa_74dc6d0dbc6a1b707695810456960cee,GSS1729
sa_20afb0b3f68c78fdd6d2074df1bb3ecc,GSS1383
sa_eda82d2f53038821ff9948ecbf4ff645,GSS1377
sa_39240a609e5dbb9e834dd2fa6802b886,GSS1444
sa_8dec2cfd26da4aa959163e928e001175,GSS1336
sa_2e63abc4c13ec02bdadc5e9d72e658db,GSS1734
sa_ef534428bc3610c9d5d70e8859ab8d7a,GSS1897
sa_df48cfa72dc3bcbf620e0f305270b5f9,GSS1418
sa_acc05a278a79f63f78d42544d4ec5bfa,GSS1119
sa_3c12b44bf2cc0419bb509868ba883bbc,GSS1370
sa_4827314adce4e44b5215c48c4a3ae0ff,GSS1339
sa_a3f99518491c0ca8d8cc8da1cc34354e,GSS1606
sa_d59a6021169a571e41c2161a43a4ed87,GSS1420
sa_4eda1effa50b02aeac13e899eb51613b,GSS1432
sa_6e099cfd0f0c38b7de05981f6db41821,GSS1263
sa_487293d145f0b49c50c4e59bd1dd2140,GSS1228
sa_8c37b467ceede44b92be9dfb3963d601,GSS1540
sa_1c2cc416fb5c6208ebb00e89c8414b78,GSS1313
sa_edde5b5d4aa2341f323d769520fa6025,GSS1734
sa_53340d22a50f010744f7268042e213e2,GSS1374
sa_588c274d34e31de9ca3d8d8c76958659,GSS1727
sa_27d353eb0344158c88eeb368dbf9e21e,GSS1317
sa_631c70b0fefec94d1a74758f701d12f1,GSS1629
sa_cd7466a65c346ee5a353e7978569b03c,GSS1533
sa_2738835a5726b99764285bd56d8be6a7,GSS1918
sa_9c2ea117385d650c42061ba680471cd3,GSS1517
sa_82a7e01584172b4589f2fd74b17d6cc2,GSS1614
sa_d36f36e528739f8b206eee75f3b24804,GSS1629
sa_99b62fe9cd4914855c1c3a139b4e6b35,GSS1468
sa_95ccc081bdabde236738577c38908ca0,GSS1629
sa_40a02177828a11d0e137815bdf206b66,GSS1918
sa_181779b3fba482315bb66cfc22fb6d17,GSS1391
sa_844362ef3c157afc360ae7093f8ec57c,GSS1376
sa_f1bcb8f715d60a6a2e958ed543a6e356,GSS1502
sa_1e67ac7df73c5314c2303a763f760aa2,GSS1704
sa_72fbe00e829837932e5e74756439a92f,GSS1410
sa_b2e8a74909cef04907a23225208dfd00,GSS1918
sa_17d579b086f5d05ef76c3a945e31546f,GSS1468
sa_5f2956fe7619f99a23a6722fca0c604e,GSS1317
sa_c99279a2d8577fcdc620d2f537d68ed9,GSS1418
sa_7632d25cdfb92fe08dcbf7b0bd95c474,GSS1310
sa_c4a7fafd1e058bdde9a05d3bfda6acbb,GSS1391
sa_095917c0d948b1716758f2819f470740,GSS1022
sa_35e1d1823719205e9ac765cf868cf223,GSS1298
sa_61a4436e37a36dfb44a430393747e783,GSS1704
sa_3ff6505787c890f88b8c25b71249e9a0,GSS1502
sa_0e4e636c16eab77ab24dc753e672c5f7,GSS1410
sa_a991d56209f4d00b5b07f9e4fed4b5ac,GSS1507
sa_3d2da1e27ce1934a007832e2f16f6975,GSS1119
sa_e9f845a1887468c056257f21e31e44e3,GSS1533
sa_03b42bda442f9a5b7ec245e3ab6b65d3,GSS1468
sa_d26998b2cc2ce89cade1a0a2755c8a4c,GSS1501
sa_733bb96c7b5e205ab8d52bac2574f250,GSS1727
sa_33548872da830667d05df953f4e3b0ec,GSS1343
sa_c2cc512cfeebfbc5d2b55276bd396008,GSS1313
sa_716cac43b6aa7038d57619b3fc883421,GSS1412
sa_3992a45a30572c583aaeaf431b00a128,GSS1667
sa_5770fe5a1fb9a21dd7632f2a50b691ce,GSS1516
sa_5c301e6d480cb848fa4447d455685334,GSS1420
sa_cb78b873ada3d34a2caa70e862535737,GSS1465
sa_7247b2d9d8ca49847c34d9fc037eed0b,GSS1119
sa_08e1bcc3c8120a5402fcb2e4ed045513,GSS2063
sa_fad1b2c889d55a56a857fcb7b82b9bf0,GSS1780
sa_abb84d46d240f5946a69b848ca3a9fcb,GSS1481
sa_e30c872e1e2395e21c72d62c5f4f71df,GSS1376
sa_9968ebfaf6ba34bc18fc2a41cd12cc4c,GSS1897
sa_d777b959bcbe72fb5a712d866531c4cb,GSS1501
sa_ed70570e23b72b317ff02d44109395cd,GSS1022
sa_7631e59e02d4f388f675843eda58d1d9,GSS1698
sa_918e60fc1c685a74350a232229b42445,GSS1310
sa_93ad6e6651348661e4f14baa228e2b62,GSS1339
sa_50d72a8699017a735f665b24dc6b9795,GSS1336
sa_b192c7cffcedabe19660a0415f818258,GSS1108
sa_0db86f4c274ee5a4116a5f8774f8efc9,GSS1540
sa_663ef633729f4b14e98383152e6a13d6,GSS1732
sa_d1c5ef10de89bfc541daae1525b00479,GSS1614
sa_215a14258a5690cfcb658f86bc5e7567,GSS1259
sa_4bd59cdccc797e6198302bc14853d276,GSS1888
sa_f1936db5a9c147502a44bf8611c498ce,GSS1787
sa_9d50681a59abcd4f851dad743ee302fb,GSS1374
sa_fca443de8e9eb3dc4423291f7766d69b,GSS1391
sa_005f115f32a173f96e84b06e40607a5a,GSS1888
sa_a13cb09c1588d05bd7af4bbce6e87c3e,GSS1444
sa_c4079c0289d161f88d60872313c2fc50,GSS1383
sa_b300d0e00c7c3920a40ae54a40b94839,GSS1326
sa_b5daebab44b2c49850bf6e18b3e11bad,GSS1533
sa_890721012d30b09d40e16da4eb3c1e3e,GSS1681
sa_f20223a4825001e29b4af06c41cc6c62,GSS1638
sa_b848d25d6940836dd8a7998ddc581ad4,GSS1392
sa_684e6bc4f527c72b750e33250d24e305,GSS1398
sa_515be40a3db440c7f83065bcc7a731a5,GSS1429
sa_1c6e30047834a74aa2b2df0fa97db895,GSS1507
sa_b046498ee61f5fedef15fb9419aa1123,GSS1638
sa_1320c5560f62f94a0bc1fb8459420d23,GSS1503
sa_386257ba205817ea416d8535bd6eedc9,GSS1343
sa_d98991f083abe92b875030474104f14e,GSS1022
sa_0a3f8f9b9679b098a31afb2649bb7c1b,GSS1918
sa_9470cb17e800cd45237466abb44597b5,GSS1505
sa_1930e1521d2db83b76b22a7434a57c70,GSS1897
sa_494afd84bacf2197a4cc95abc2d1ddfd,GSS1420
sa_16e0822a2e6ab9ccdb8f52d92f1666fe,GSS1964
sa_9eb5564bc55fe71489b180a74e0478a9,GSS1918
sa_4670bde7387dd63c492218ba962e164a,GSS1454
sa_9d780f001c6991bfc1fef8c6babaaa8e,GSS1398
sa_03a3b2c22136805217a61f0acc83a7d8,GSS1261
sa_a6764bd5987c2207c888b8db849ec203,GSS1336
sa_e4fd8d7dfbf8c2b234cea3e61b5d801a,GSS1392
sa_d8276d77fefe95bf4af4fc5085fe3b54,GSS1505
sa_13b9ba564361036bad9ec539d64e1de6,GSS1228
sa_bb2eec3c8ec33172b08293d1328fda37,GSS1614
sa_09716899db059e485c2d14478dcfebf2,GSS1338
sa_60db0a8c83b59c7346b157d407a4bd9c,GSS1403
sa_c2d265cf192f7f8378cd9f99f8497bc5,GSS1481
sa_c4bbf215ae374660f8e6c43076fd87bc,GSS1392
sa_65e3bfa98a818bc522ebc6852ea8f7fc,GSS1418
sa_bf4e08712c78d124d84a76957cdbc642,GSS1465
sa_7d1bb8400bf69110a6470584f805133c,GSS1119
sa_bfe78cfda09b76175b19e42045a65bd9,GSS1429
sa_cc1f9ffe7d4ebf4ecf70316540e9cae1,GSS1357
sa_742473740b80ba5daca588a4ac6d37bb,GSS1392
sa_e3e72a1e3ba6559fc8e2dd2f54122de0,GSS1336
sa_7c1affb6ff0bad36606ecea5cda4906c,GSS1263
sa_8439345475a96ca4d88aefda6435d72f,GSS1481
sa_af9240d830a3b0191f4679d0f12fbba5,GSS1460
sa_935a1e012f6a051fcbbdae3ac86f88d2,GSS1729
sa_e8cc87ec894d9e54637c15d912df786b,GSS1339
sa_0316ba5c7d8d76376e90e8dc6eb78de8,GSS1228
sa_bcd0b7f3d062e45baca9031a066f1d48,GSS1339
sa_b684541cdcfa47fd92b7a210383c4bba,GSS1370
sa_f321ee76bd7ac83c31b3003b0ee4927a,GSS1606
sa_4aebcfb6fadd46d9c359394fe5df2c2e,GSS1540
sa_5fc97bea68c961747c63d0c20d39cb27,GSS1383
sa_edaedde2f536719f94fbf0a2049a72ae,GSS1465
sa_2409688468be6672151edb4b9e92ecb0,GSS1638
sa_76f42042913788c6a609d6d555185b40,GSS1339
sa_cb40a7a22795602816951330a1674156,GSS1398
sa_337fd9cd7852d55387827e598a1c2583,GSS1338
sa_332587a350942570c00135eecc37d6b7,GSS1745
sa_ec2d44627ae8e943207f49cb1c5ecdc1,GSS1259
sa_2df3e044b6205c974b5f6516dc5c206f,GSS1468
sa_848dd69ad500bb6c92ce1fa3a4e5f744,GSS1314
sa_cd6b0f1db98b4a612ee31a1db47d83b4,GSS1454
sa_a0fe81409e57a6130df2a2eed45b2857,GSS1370
sa_4274b8418dca234b3927e0a4686c2b9b,GSS1745
sa_7559b175b9cead687a79bfb6c81b7191,GSS1343
sa_a125d6beee6c3621f4c4bfa45efd02b3,GSS2063
sa_20be444ce19935b545a402671e3cea38,GSS1787
sa_84ab108dec543826f2d54e8093a7da54,GSS1460
sa_3b2c00711ffb6d4d59f140f3db7a573b,GSS1819
sa_db4333ebb2f6809e8fbc3f6ca9d428db,GSS1460
sa_8822b3b79989a1d15b93d14dbe07ac7b,GSS1444
sa_4b283886d26fa3c97e48452f49e9c993,GSS1619
sa_899457406a393bddb77e4f4cd4ee2289,GSS1918
sa_0c57699811f8eb6157b3efc58b584108,GSS1481
sa_0e5a99e99e7c132ec14d1e041b5a4abe,GSS1022
sa_49f8cab04b6a1335bcb6f859f8027f41,GSS1505
sa_7c19eacd55ad77a5d94f6b0ece04ce38,GSS1918
sa_431abb84fa0d0735d5611478ff40bbfc,GSS1310
sa_b7f845d9ee84a52e01b134e447d59565,GSS1613
sa_45050599c55705a28f934779e7408439,GSS1124
sa_44a58aed03313d57800583e56e8069b1,GSS1507
sa_d2017a384f4ffbe8cb17fcb1032b9e3b,GSS1383
sa_a46d009fa757df749e83187fe97e90f2,GSS1700
sa_de31605e38bea7d532bfb8d0e5a08c9a,GSS2063
sa_af721e60eb8768811ffe8dfba712515f,GSS1022
sa_b60e71804e23d24f202aa55ae40c8454,GSS1326
sa_707180ea530681740cb561f27ba93e5b,GSS1626
sa_11b0e9379aecee2d8893fae13b9561a3,GSS1734
sa_5931e0b164e0c27266fd0d6b53d72db6,GSS1441
sa_50b959d1907ed0649458683fb4179fb1,GSS1517
sa_da9f43cdcffd8882d7b9ab94797edcba,GSS1533
sa_cfdd4abcdc4ee7b3ec5b606f65c67cc5,GSS1507
sa_8497d36dec1597d2ca6a188b4778254d,GSS1383
sa_d86d38fc2de3a4c8337afa40f4766147,GSS1398
sa_2841e37eaaab804b3d2a515580ec88da,GSS1108
sa_38c2d8a34e742a159eaa18b11cbd9884,GSS1505
sa_1581dd392aa677c78bc05f3490a01c16,GSS1681
sa_d16470d0306e0aa35aa8aa194fa65229,GSS1338
sa_850ed89d21cddf4b121b6fc01333a90d,GSS1261
sa_96398399d78105874d78e4fb4eee00bc,GSS1752
sa_9d0f52930175ba55713c84b9dc768656,GSS1533
sa_e2d33a065085b696c32ddbba64fb6d15,GSS1374
sa_f81ed69835a309392f6aa07a96397d5b,GSS2063
sa_40ac2fc07578c65ec60ee70e301abd44,GSS1700
sa_301d3a038c48cf5a9e415194636818a9,GSS1391
sa_bbbb6e5e1807c18c989b20e6c3de95d4,GSS1254
sa_bc26b285e2992c241d3bf9c8168367fb,GSS1698
sa_b48a2a0064cb6cfc86b1f115b105af7a,GSS1609
sa_e5962860f36bbda1ee8e688d8a4d39f2,GSS1339
sa_9369b5e1bc250edde001c9825cdface1,GSS1336
sa_d3f4ed48750b94a3eed08c77c7d871dd,GSS1412
sa_b72e49c4af1c8176b3c8bffc03ab1a9f,GSS1732
sa_d0e59c2eca9bf0e4b5027b55f07bca04,GSS1597
sa_69c25b1411bb3f67406d1904337def0f,GSS1391
sa_de3b19058f9bbcc0e72e5d5875f60aad,GSS1108
sa_0aaf7f98b1e8a35f3787b29babc1ffee,GSS1727
sa_b244409b5d006bd53393c97c1886fe9e,GSS1605
sa_4c57cf55f5519eb362b059f58c480649,GSS1370
sa_f659e8ab99e1c3430c93480adb378c3a,GSS1314
sa_3f27c82dd596a17391f730533d9d5e36,GSS1357
sa_7f2a511c143f3409cf3e023fc108ebc2,GSS1614
sa_91c205d0ce3d7b0cdf1a4e3e8dfa3c39,GSS1445
sa_1ce597f6d861407cfd75c82309ee8afa,GSS1441
sa_e4a232b203d15c455d61b308a9c7ba29,GSS1263
sa_0c46fe121ae9d42b8392fa9d3f5e6000,GSS1228
sa_3bc97bc962959d3a69eebbfdd749a674,GSS1667
sa_7af491f2b9d50d40ca50c4d2b3226f22,GSS1429
sa_cddf21e0ead4de639aed2c6751941dd9,GSS1310
sa_22ccb1ca1ebf06d5e1457b28f6cdf6ad,GSS1665
sa_9af5340a2df02d6cd5daf0b4becc800f,GSS1429
sa_edb15f7c6a1d3bc28e684c2d6ad5ea47,GSS1445
sa_52bf1d48d46a8085681ac3eeec1bb110,GSS1468
sa_a71b49673423f0bc995abb98cd2443ff,GSS1729
sa_708de5598e60b2708b1ac5ea520148c5,GSS1734
sa_ac08244ea72d4cee447f24d103fa9aee,GSS1667
sa_bd116256fc04c41cf5d37d3a8054e95e,GSS1261
sa_4a7783bfb18005bc31ba9198213efc35,GSS1441
sa_6eb58cba1ea3b92ae4a4701357dc8078,GSS1376
sa_8e42cabf58aa3437e6ef7605bf8777fa,GSS1371
sa_1b154b81dc19cc98c1b10c277105236e,GSS1310
sa_a554219eae61d8cec58551a2660d3005,GSS1507
sa_afadb3c2e1dabdc227b80d72bead236c,GSS1819
sa_1715e23339757748b99b6aa2d0fe17eb,GSS1336
sa_49130503613b38a106facf3dfa0599e9,GSS1638
sa_2592471597e51514dadaf3d17bdb1bf3,GSS1421
sa_79b7c1e2b4e1d2c08ee39029821e4a58,GSS1507
sa_e07b29532290d35a5dd222c99d4a79e9,GSS1357
sa_b25abf38b7cdf56950aaaa8b2a1d2844,GSS1505
sa_7aaeeedf6797f74321623165fd39ced5,GSS1888
sa_e8c4a14c0cc55350d8b7ace625aea45e,GSS1507
sa_3fd2ccabc70d614847159ef5154f2fed,GSS1313
sa_2c380a70493f2006e68a335e1152b3f4,GSS1608
sa_5179f5a61820783a8d21e49bbc0cb723,GSS1339
sa_1f408a37f92841b3926f291d299f466c,GSS1727
sa_e9a58a3adfe5f04f747caf3c0538853b,GSS1507
sa_47d73d9413f17f29f2b2f02f13c05acc,GSS1331
sa_d6aa1b67b874c874071f23c879a33f33,GSS1410
sa_49f4812b7327b6b6f14bfc1715afaf0c,GSS1355
sa_1355a2a976de1e161ff50e3f1a27d674,GSS1780
sa_ae359fedeacc0c89f8e5d2abe4405342,GSS1734
sa_5c784b652817988ed2938ac3eaaf425c,GSS1727
sa_dc0f25d2df77ec61081113e641e6022e,GSS1124
sa_2da4a9da37a6d7300b808633f3603c01,GSS1505
sa_f3223fd4b69cc49f5c4b99ac0374858c,GSS1516
sa_afd5ecc5faaed6ad482e0275c176ba0b,GSS1517
sa_76a60e9ab256c1d603fbb4c78ece33af,GSS1897
sa_4f87078e8dc33f96a97a36e90ca30d4d,GSS1629
sa_1860c93730a65c6e8df27b70f27eb2f3,GSS1444
sa_a83a0e55706dcb59081d8553d8934fd1,GSS1629
sa_12a8547a8305fed55dced1e4da5d3b0a,GSS1638
sa_55c8dac4ab63fb2d20d8ca00484ae86c,GSS1626
sa_983242637acd9e60e14bce6e54bc65f8,GSS1383
sa_39db608e759675a7c40d41dc6fdc5a59,GSS1371
sa_76a5574bcd016a10a7e81f6525ee9029,GSS1732
sa_5b9d41a7957e5ee388ede1b4b239e4fd,GSS1377
sa_63aca3af8d13657d938532a3d56aaf63,GSS1202
sa_b9a32d6eefe2df28d658dcef9b282f86,GSS1752
sa_f9b12641941b15ac898e5b3afb233a3c,GSS1613
sa_b3aeaa7b3cd2c52bdaf6d9cfd41d72f8,GSS1410
sa_08566fc1a7171505c1e55f04bed1b322,GSS1502
sa_16376ac802473aa6efbb978cf80842cf,GSS1119
sa_830abcc6e8ee34bea73e3e946ed186d7,GSS1254
sa_3bd0f04aa0a60b1bfb94c22ce107a8c9,GSS1259
sa_c89858f5d21f5fac7a0e1a5278f93604,GSS1698
sa_f32c915309b99a8292db05fc2e705cb9,GSS2063
sa_cdc8c871c821a13212c534878fbc9c7b,GSS1314
sa_a68ff8b9986bccf20ea19f2759916141,GSS1745
sa_c91273252991cf08bedff50be7587775,GSS1613
sa_5981aa7a768f190cbf19bfe2cb3bb55c,GSS1787
sa_a90ed878485b8f7231e6da38045a686d,GSS1734
sa_1fa30a3b97b6d821f2276eaf68360469,GSS1313
sa_6bc2a17a3b333328944fb6c56a8032bf,GSS1651
sa_14d2a8e7946f9fe207b22ef6db772ea7,GSS1674
sa_86b072261ad6bd551fb0a09fde6dd743,GSS1888
sa_26ae6c256afe10ef1cbf8703f7ed6368,GSS1357
sa_a1caa1b7762ddb151af65d2ff3ccbb42,GSS1022
sa_fb169297f5bc00eb28a70a3574ecf4ed,GSS1481
sa_b483d11b04ca8c58b9a43c6a1acf1002,GSS1254
sa_07c2c0beaee2bfea37faa95cd640c92c,GSS1502
sa_7d783973685008bd0ed1562983705de2,GSS1714
sa_36c8ea2dfc3af1af382f055147fe87a1,GSS1108
sa_cb15023dbf17991e1b190292c900b05e,GSS1263
sa_2a7f1b643d86f447de365146413000ee,GSS1398
sa_7f0dc1880a828d77b1032df3e8d9e896,GSS1429
sa_0af9780c33be43523f9b0f30eb308eb7,GSS1445
sa_077ef20a29c102b2b715c2f99a1d8b05,GSS1339
sa_0458b45b4e76deb9a4e795b723387656,GSS1398
sa_d6ed553f2d523eab3c27e75d5fc6044f,GSS1708
sa_c2bf0767ba4dd48fdfec4b09adb50ee0,GSS1505
sa_0920a5b8f23e81c734f0da68db1a2f72,GSS1609
sa_fbeccfe17755d4fd7587bddd41164788,GSS1681
sa_df5ed3b577269f7074cfef4b347fc29d,GSS1516
sa_07a74d98971ab99327418eedbac69561,GSS1533
sa_8405392364ad5b40f2350def78359923,GSS1403
sa_31766924eba8a609b6cf315d2554471b,GSS1708
sa_989e5bea8466036b1c62cf0c55637e9b,GSS1247
sa_59a38180bd38c4d151caa2c86f5d58f7,GSS1371
sa_3d8404d9618f86dec1019e82bdbfe549,GSS1228
sa_68cfa3bb22c26bd18e142369d0c4b069,GSS1507
sa_0294be0516665ec47d2cd2d13adc4064,GSS1787
sa_557f1514a1d2ec7e1b8ed2998083fc1d,GSS1228
sa_f8c3448a13c9bc336511490bf88d71fc,GSS1022
sa_059b4171585f585d05cd50e9fdf90040,GSS1432
sa_0c82d19f7593ff5328596ca0f04a751b,GSS1228
sa_c13b2fa62e32d47515585affc7673d1c,GSS1261
sa_05c32afbee65aa0d7d7d94d673dea815,GSS1638
sa_ae4eb8275e1b1d99a9000b215120b164,GSS1708
sa_b6343a909bd41af80bdb0fbcea934fe4,GSS1505
sa_9d6db80fd43c2ecc192d38715ee36fec,GSS1729
sa_d782deb20fcff12f3b4c65eff7bccec3,GSS1444
sa_62a30aa1b8bd9c32e07982fddbf096d7,GSS1507
sa_8996e1a6afe8e981765a5bea82003015,GSS1398
sa_1968efb2fc73feb4c8b3e3091512333c,GSS1421
sa_852c5364e41805679232834a0002c00b,GSS1445
sa_29873e48cec4e2d9306054c302658959,GSS1667
sa_ffc2b9cea33acd99934a0c386c6f9ef0,GSS1897
sa_9d28f84e66ca7c28ed031e1cacba2f9f,GSS1391
sa_da6d404bf043d65824c71fa9f8dbb616,GSS1261
sa_3ffebfdb00bac3f646dd375033a6cc48,GSS1613
sa_ae0208b568a71b7d4bbe23e901973f9e,GSS1357
sa_006cfe33108b52f1e70b8d55ad3275d8,GSS1619
sa_8d1863e3e10a1547184ae80c0eb0d734,GSS1613
sa_9285985493a6fc54016f406d7af17649,GSS1732
sa_ebd2c18cf283c626ef9c26a0e29bc9c1,GSS1298
sa_386bca8c3be05e4509a3fcb42f57f401,GSS1391
sa_270a77ff0f75c42226084570f3bf9ff0,GSS1708
sa_f34f2c4cc4bab9e7759e125b2116f7ee,GSS1261
sa_859a16f105f3fd68d9fca345f47d4dee,GSS1331
sa_9de86a220b0093fccbd104887ed1cf77,GSS1732
sa_d79eae9fbc10353116618879f3f9ebf1,GSS1441
sa_3e5181cc81688ba1e28d5f9bb3089972,GSS1392
sa_1b7d9f583a53740b9b0bdca26423a55d,GSS1338
sa_4de45b74a71ea31a10d0bef79dcccea6,GSS1629
sa_b441a7f373374c38d0e3a1052c50bdc5,GSS1667
sa_63cb0dc2bba8316c8c75fbb64c583e03,GSS1888
sa_f1bbf70c5d7a611982ddba7360477ba3,GSS1391
sa_8b84e36ad9d08b75526ebc0905b0a7c1,GSS1345
sa_0cbe1c7c6834f8e95d19e65ab952539b,GSS1619
sa_77f970c58ab386b9482dfd36ef2ca43b,GSS1432
sa_8a6c51464d83e159b75c70f31334aa89,GSS1787
sa_b0ae57b247d1d57e68240070b52b500a,GSS1376
sa_1beaa7f1a7f0c09532b8226b785a6a5c,GSS1698
sa_bcfc56646083319be12f67452ef676d0,GSS1787
sa_0a7e42e3f98dec7b98069721a8218e9c,GSS1540
sa_78e1c5e2c3190aa63cd86f90179e752e,GSS1704
sa_67876260f4fb6b8c2100fe57b3cf9716,GSS1298
sa_2daac714b2e661d26fd20ad1be74ed14,GSS1608
sa_7fd9aeedcc725665878710f5c165a3de,GSS1609
sa_7407ae2c77a899722a291a0d94c8cf96,GSS1376
sa_9d8af0f4857c807ce4e4e950fa0c7518,GSS1412
sa_f691c9e0b363dc700a58e5ce92b03f83,GSS1704
sa_b713bfe0fa6b6fee4fc9d89a5c5be7af,GSS1626
sa_f7d6d297a87ad983e76d5ddfac5a8581,GSS1412
sa_51be1ec14b1d7cc15cd7e149941573df,GSS1897
sa_24c25b26e9dbe144ad3b7e94988a9122,GSS1119
sa_e912223124fd231334d46025a07e09a0,GSS1468
sa_7efb691ad72835e40c3fcf640cf665f3,GSS1247
sa_6c097ef54971e222c9573360bf833de7,GSS1507
sa_389583926c959a345a044af10dfe153e,GSS1516
sa_7be1a66ba51a5882e3c10d8242d1845a,GSS1507
sa_6c151cba4cde18f3f22aee19f363ac47,GSS1355
sa_dcdc45ede14ad0ca9160ebe42c23d55f,GSS1376
sa_b42db18f1d1ac6e756cfce6b887208d8,GSS1403
sa_cd8103505fa4503bf5ba4809014c04e6,GSS1819
sa_28e07250412fd41b23562b383c5e286f,GSS1745
sa_6356baf22ccda00025c8775d611e770a,GSS1314
sa_4feb006c676cf23cc752e63844e85541,GSS1465
sa_14bf05bf1575bd3a140a37a9cb5a9319,GSS1468
sa_16ab255bfb2ba9824a60c13623a0fdd5,GSS1445
sa_6382ad5ab140db7ff86b3754e5adae3b,GSS1263
sa_0ca6b9806d537d3415a0e3bff554e10f,GSS1507
sa_a773149fb2799bcbb3c342b128d3d280,GSS1503
sa_be179a4e133cdc914f38e85c5606fb46,GSS1202
sa_ff81f44a170e455cc439ee74bf511d33,GSS1376
sa_ecd248d12834098f664bc19b09d28d5e,GSS1331
sa_15a8a85318e09160330d7dcbc7ae3e1e,GSS1432
sa_9dfe017e6a8a1e264ce49b5d882b8630,GSS1398
sa_6f6beca5e29a10846352ca5e76e961ae,GSS1608
sa_bc01daaabf348c9a74d1e7b70c049663,GSS1540
sa_75ff90e0ec4866586cb2c4df06ba0cce,GSS1606
sa_7c3b891bd0e228da7af9f730ae9dab45,GSS1729
sa_b735b94c4b19d9e365ea7c2da1772324,GSS1533
sa_7a836c61a9dc64d1418f16350ed45f30,GSS1310
sa_44dea141d2c8d204612f095587a4aac3,GSS1377
sa_2dd484773650ea687056eb186f2ea89d,GSS1331
sa_38e2c7d17c57df77d47e132fa2b508be,GSS1729
sa_e198354fe98e82fb3903355e86d7d077,GSS1345
sa_05eb3dccfce6e83bd34da6be99db0451,GSS1619
sa_adb1dc5874f3da3e845962b610daa43c,GSS1507
sa_a20dc72abd151caeb26ae3879b7d75bc,GSS1613
sa_06681ccd8c7adefb3dd7c236bb263664,GSS1609
sa_008f74c69e800fc1251fd354816edd24,GSS1376
sa_5d74e8d5c2637cbc4f7d008958eed112,GSS1704
sa_7e8cebb999c1191406716336890bbf44,GSS1377
sa_d8583de3c9e91039dfd583a538f402d3,GSS1597
sa_bec338a24dc951b72fd75599ef57106b,GSS1445
sa_4dec59efe3de3476ee293d16cff40ed7,GSS1614
sa_f3243a2440c27ea2f5ce2963389578eb,GSS1714
sa_9117afd784955603c202220da6e5339c,GSS1629
sa_2773b5b26c0651afac008b7b9b99e2e3,GSS1727
sa_5019f5c16c29f7eb418e92be3cd93f0e,GSS1331
sa_a19581db8a85d529b559d3df3b88ff2d,GSS1454
sa_fc8796738d9b5b54cb25190e585da300,GSS1247
sa_edfddebb4069003a8bc31b1f6ef49f69,GSS1398
sa_0dca3b53b1ab0278c97303d2d14d0858,GSS1613
sa_10e791b96ef9104506d0839914276740,GSS1376
sa_c431a7cd4425eaf8463c2b8a3a1d7a7e,GSS1022
sa_28995f1165659edaae570d820e49e90a,GSS1383
sa_e9961fe9398c828a74dcb690f9c74ebe,GSS1377
sa_97f2d1a13d843349d606fe90aacc6b15,GSS2063
sa_8af6c3c7092d6930126e84f4c71fa2bd,GSS1228
sa_327a11bfcbc3c57768ff997eb43b7937,GSS1606
sa_2a70fe1372705c02e99e97b89bcb62e0,GSS1700
sa_a3ea9eee221cb9b07a2f754bff999172,GSS1441
sa_2917d61de8d73316f2a67e3d8cae96a0,GSS1727
sa_4603bf20dbeb59c5a8fe630ec38f2c53,GSS1441
sa_c5c95a81c6b57e26666a1764301cbe08,GSS1734
sa_1736c93e45a687b742822898a46c930f,GSS1398
sa_7f51e880d25527ca8e050414446d255d,GSS1310
sa_ee1090d7d0217ab82d4c8ce1e849d4fa,GSS1918
sa_1f99c724d177d64a395ae2aaa2bbb685,GSS1501
sa_6d23a8a624cdbce4a2b5fb99b9019795,GSS1339
sa_73d49a3587b9aa0af84332c0f186d062,GSS1202
sa_270be15df46c5050547eae956e3f20d2,GSS1465
sa_4f5c9232280837bf0e4b9e12358c4897,GSS1507
sa_450f60fb06ce65846fd79bbb006a37b6,GSS1651
sa_3de811811d2c8ac9899a9cf113ad0120,GSS1540
sa_0eb54fddca47d27503cb3f8159c1fba6,GSS1517
sa_99f84bb570cf676901e436b3865f950a,GSS1370
sa_577924094c71719e687a9884d7037f7c,GSS1729
sa_0b6a7c41113ce735c84746c941b447a2,GSS1371
sa_00614c0532309e1973532545ed4f52d8,GSS1597
sa_aeb95306b49128187dbcf46582d9fa6c,GSS1674
sa_6ccacaa17a8614f5b220b74c04851ded,GSS1700
sa_95265caf16c8de7cd5cd0ef34bafc321,GSS1398
sa_7b58a5e6da52a8be56c0b7c23c8cb438,GSS2063
sa_01842c356f147dd87b7c96b780f65fe9,GSS1533
sa_0a479e023346f9c51c73a448bb22fe45,GSS1729
sa_6574989da4f80f2b9ec764a09f8e12e7,GSS1626
sa_4090157f4db55df2aea454b9c75616fb,GSS1412
sa_431713de7a307d3ccb844c6890621a87,GSS1732
sa_a6358328784e585aa63e23f46ba90d30,GSS1263
sa_b463933f97be44b8c6c906e88ddaad6f,GSS1261
sa_8c0fd2f1580af2b48f21bd2c0afd11c6,GSS1259
sa_ac85b4abab6ddf8b866e07a0cd0c3623,GSS1421
sa_e7a80acfbf21b2f0d163aa0a7c619f9a,GSS1391
sa_6cdb867a678ee2ad9be0b9813591a1f3,GSS1667
sa_8fcb8e698b29d1e2f976167a20ae938b,GSS1465
sa_7f9a02b4d3ab460faf4ac2b9005d054b,GSS1674
sa_e9499012c7c5bc215119ca3f2cd72144,GSS1421
sa_000f030f8d47342e8b120712f516053d,GSS1752
sa_60c4ebb8b8837ff5239d7ebf2f211349,GSS1441
sa_b3eac489c80edd603ac4dc24293891c2,GSS1605
sa_ae4857db278aa480a732a7d738774527,GSS1609
sa_03e796435f6b387b458fdb9c36d7979b,GSS1752
sa_2889406bc04b9618528413335f2c5285,GSS1745
sa_f60b821c6a66dd120590c28cd5d1aa1e,GSS1780
sa_be3a36182f8cf5bbe8f446056c2db6db,GSS1665
sa_bc6f0071ee35b2b08b854b7a005aac46,GSS1704
sa_c1feb42ea61fc9926a5add8c76ed71a3,GSS1412
sa_fccb7e9896f4725cee6c8e3bebe9167b,GSS1698
sa_e49a65889ead963243c33212d2f9a1fc,GSS1516
sa_b2b5ea2cf4fd70d1c3769983ef5899d4,GSS1614
sa_4515aea9de61ec80b394f9db54be0275,GSS1370
sa_62cf6457837c1289e0d30fbc9a384cd9,GSS1629
sa_b14c71f33ae105d322fc84ca5968f879,GSS1454
sa_d91113c297b896a35155dd82e427a9dd,GSS1410
sa_a62b2579a8d34c7d0eb15a79aa4afa8d,GSS1704
sa_fa5d6eb25307cf9ba2b3ac96ddaac4ba,GSS1638
sa_ebdcfc88038dabce4fa5b13369501ef7,GSS1310
sa_2d76079e91ffdbe36ee04fed0e1854a8,GSS1254
sa_e58f73c9cc711383a711fc51b0b026d9,GSS1727
sa_64f068754f94c03ac6965e43c85606d4,GSS1441
sa_964c9b3af4b33a1cd9fbad7dd06d7790,GSS1540
sa_a3f4fc7303aaf7fb027ca0a27027f228,GSS1819
sa_91e6b55591383984c88bc85c46454c1f,GSS1609
sa_b3aa0395e4646c30b6fa0f7bceb8e4c2,GSS1605
sa_47864b01de71432bdae7e45da4b14c69,GSS1613
sa_2ccae3a0eb1fbd555e4a95a8240f5b63,GSS1412
sa_cffa9e2a3fc3a94d3dac3b49d4c119fb,GSS1533
sa_7eb250a7ddef58988aa968052628de64,GSS1745
sa_248fbb90d1d9a249ee4a43d836ce46b9,GSS1338
sa_9751799679e2c6fb0373e45fa1c2d1a8,GSS1119
sa_5cd7af3a01cff0e582d7c50d2cffd8e6,GSS1247
sa_5547977b487823aa818d6269a9f69435,GSS1752
sa_74d4f7ec74a90db042977cf337dd190f,GSS1667
sa_dcbfe6d6f97948d9a6494bddf9b41006,GSS1254
sa_52c43a18d70549fd9fecc9b39fcb28c5,GSS1370
sa_d8d9c088f7d161560223e5f15da98b85,GSS1507
sa_26a62c3ebcb29bfcdfa82063b0b6a8ad,GSS1674
sa_81863c72aa43dc075daa290d915eaecd,GSS1918
sa_16c6db8e643ef45a1902b365dcbecf26,GSS1752
sa_f20dd1e95f48b06ab49b55ba640bca98,GSS1619
sa_45d2e2d06bbf83a8f517fc849a70fca8,GSS1516
sa_0fbeaf7c60f5ed94a0b0fe6247b753ec,GSS1371
sa_2bf619df733dd0fc11903a3f06b3219d,GSS1638
sa_4e5b27a94252ef968f217f08f25a1c3d,GSS1119
sa_d38ea30bd7a0aa8aa359cddaba6058ab,GSS1533
sa_7aee1cbe31322d711ebb383488e85ab0,GSS1339
sa_a5532676b84a86354de15f4767a8a948,GSS1338
sa_2a25d84ae9e455437e251958458ceb07,GSS1714
sa_c6887f1475becc969246a34ede5c35ee,GSS1507
sa_c42840081cba58f6cffc7a1fe0a2fac4,GSS1540
sa_65619f86cc3033dbe58351c50802a884,GSS1391
sa_937b8b4222439f5bf0a4beb4ffc3fa5c,GSS1780
sa_04987f81da4b8a99d42db3ee7d41bd3c,GSS1752
sa_a7b86c518822c94d9423e25dd0840803,GSS1638
sa_a40616f53a5166dde45077059d41199c,GSS1445
sa_04c2aab385ce40a4ae91e57b3e073bac,GSS1700
sa_c2eb31dee48b93a7ae9eec888b383b4f,GSS1819
sa_2e963b5f249bd64ef6273f5707b813e2,GSS1247
sa_3d5de36a6c29e246ab8313f6b5474f94,GSS1727
sa_e51ead8f931c8a0a3db9fcf65bb2c280,GSS1787
sa_b15f87aca56f267b29f2b6763978f550,GSS1420
sa_bd96bfd6f21992e60176d3316b9cc1f5,GSS1481
sa_9b673cd5503e7c7b3020f658c6b2180f,GSS1410
sa_49cbe42c94c89af2cf12445a4fb3d271,GSS1727
sa_963125c818d3fe1ca30c3881a30eb6b5,GSS1420
sa_2aa858692bd0607d0e864d63adff2e2d,GSS1326
sa_3da49b6611c01bd6c1095e5fd080ba18,GSS1261
sa_10d01ac2c76986c12e51d72034404c63,GSS1516
sa_89557b5a0dfd008a5f3384b924d67ab7,GSS1888
sa_0a9b39eab3b7f04a2a567e67c9e1adbf,GSS1465
sa_9a977664a9f77e2e4a27128e7dd0b544,GSS1383
sa_7ff79a8ac8a72743aca8a6499ff1a350,GSS1964
sa_f8f0c668d76b4ebc9de790c9e203fa6e,GSS1481
sa_11826bd9a4a763a33a1c26471021ee6c,GSS1345
sa_b506d3a0c278c58f9eb73de467a7bc77,GSS1516
sa_583263d9af663a002cb7359f772272f6,GSS1391
sa_f2607fe778d1b9f96f8e23af201a14e5,GSS1420
sa_4e2e077599faf734c43af73bf45a011a,GSS1338
sa_77b35d990b48e1d1fcb685b27d3d2a87,GSS1377
sa_64b355076f2120129e756ad012c24a3b,GSS1698
sa_1abdb0a1e261abcd64ed9c70bcfe1656,GSS1638
sa_e92994e5540eb18c5bc2c2bc44c105e4,GSS1918
sa_f6bf99b1b0aca41b938624487bac649c,GSS1613
sa_5c4426f05166ef293725b7ba1eb84c35,GSS1338
sa_c0145343ec14b4e406d19ebe66fd1d8f,GSS1432
sa_990bb47ff526c2c490adf7e5019191d8,GSS1540
sa_649dcc261c2b1df7e502706062280b48,GSS1481
sa_31f67df671071699fe88ae08463d9649,GSS1787
sa_a130d6b879c261854075ba90f671cbd6,GSS1614
sa_c519545a7d42c5e5c8b0e4ad97a79e0d,GSS1704
sa_c71e80feb24b7ea3cfec2532e7cc6694,GSS1313
sa_2e4c134e086598f5cedc7480d0225c39,GSS1339
sa_2e3c13edb9396a9619c05321ebee7bf6,GSS1391
sa_fa9da139dccb15388d8d8b061c6c36e6,GSS1734
sa_e85e0d3ab862d3796cb9581232258f78,GSS1734
sa_83700e0def331aff7926bdf406200f2d,GSS1540
sa_ea45e7abda9f22020ab1b517b98f9e3b,GSS1247
sa_611c848fba677277454125b62cda7dab,GSS1314
sa_e7ed3164755c8bb9651660fba89fc1bd,GSS1336
sa_2c5096893a2ce895c659b3b175d20490,GSS1752
sa_c84ac4f7a609afbe2027ab86089b8003,GSS1376
sa_616ee3e7ef8464fa30d58fae65b5d263,GSS1609
sa_0f289dc80fe1a532076d1db8db2ee2a9,GSS1432
sa_de07f3b1062d8290ef64f2b50c6478c8,GSS1124
sa_325d1abec567eb368097061ff117713b,GSS1313
sa_f65c20d383cb8e4f6e6e720acf49dc8d,GSS1745
sa_c90ea0ea1929705ca7d5c275889af7e4,GSS1533
sa_0ab483bd17c0b698cc8354159fedcf04,GSS1343
sa_aa0e5ac1fc6f8184b67d5c0313005e23,GSS1533
sa_248898448ed75f5b0c3811f167331521,GSS1787
sa_768b45c486409ddfe5acd51a320d4959,GSS1202
sa_ad7cec99fa985d3ee46220bfe906f72d,GSS1608
sa_8983e59d7a7fed40eb77bac6f2869110,GSS1460
sa_c9f739a3e6f1345a0239933d5fc631b3,GSS1339
sa_9e1e3f4db508ccb4d96593dcb0e5b03d,GSS1651
sa_e58c23f79149d3b9b83e7c0dca6c9a67,GSS1665
sa_654846e398cf2bca7520edd98f483b15,GSS1370
sa_68a729988af2fc015bc2ed9f6aa9028c,GSS1516
sa_e8af72af8f8228eee913fc091abbc3b1,GSS1392
sa_c4fd0ef0311802533ccc3cc8f9947498,GSS1608
sa_c4e6931e3c36099c7e264b8ce75add57,GSS1608
sa_0a1e3c269e5b53b7f288785ed0571be2,GSS1261
sa_c8aaf44f39eb95f0f6e0356cde80892e,GSS1507
sa_52a7d8fa5c83e223bf80f31dccb3f17d,GSS1119
sa_dd6a023dcbb85ca030a17ec59a32b17f,GSS1787
sa_57231b311cf7359b4bdd9fda4059b352,GSS1254
sa_6f87980c74364e0695d8d43fab113741,GSS1516
sa_b98217ddbc2b185ce0882d7d96f6d90f,GSS1787
sa_e5d4a2ad62a98c7eeaec95a8c00d35c7,GSS1314
sa_29626ff52a8939df74948b96d896b601,GSS1605
sa_ada8ec498d597191daed94a9ddb29a2b,GSS1665
sa_e9b21567d4dacb5e8f4e6d1ea16225c1,GSS1608
sa_f9b140d6c84604bc4c8199bc48aa4425,GSS1608
sa_3e000d5b5619a455c72060ab91a64a7b,GSS1254
sa_701b7674c9872078dab1bfee4025d27f,GSS1261
sa_504767639f696cdaed5abf92a1f62d0a,GSS1481
sa_53b7409d219f25cd3c275d18c060e086,GSS1698
sa_cd2d5dd80d577c9269f1c0bc799b6037,GSS1391
sa_4bb1c1c5fd7709b2c76500886560f808,GSS1259
sa_a1938ad262d685188587c8bc05156884,GSS1338
sa_84f88cdbe2b704833fd86e4ff073fcb0,GSS1370
sa_023b0ab4fbad5e0a8d4f833a2282c483,GSS1468
sa_1451c89c4e87119fb8da20b97f0c71bc,GSS1108
sa_e4eb0634d686888c1becfd519df45f66,GSS1317
sa_aa358df97022e3c4237aa834dc18de1c,GSS1714
sa_4155d47c51cf568de511f9e401c00261,GSS1383
sa_4693c7600e850ccd33ed8b2d7271b874,GSS1383
sa_24ff88a290f32e2a38b2f9f0847a0b57,GSS1403
sa_c0702b819e918dfaf35f3805c5a20373,GSS1619
sa_e33f055e1110ab828d307a30da0ccc96,GSS2063
sa_740aec83f09fd6d00121477a704d93d8,GSS1392
sa_dd03bbfd1eba30fe308b3d565db0e456,GSS1418
sa_18f428f2fabb33b0bda6c24635a0d136,GSS1708
