id,relationship_code,family_member,other_family_member,has_access_policy
fr_5997478f60a5bddfc00905f72e361307,KIN:032,sb_2a4695e06ecaa19834b791d475abc0c9,sb_f9f2e8087ca2153be6795acef1d4c97a,ap_6afb041625efc9e04478b97493808bf2
fr_68f3ee6ad2c86238d89dc4295a613cc1,KIN:032,sb_4a1a56a65270a7708587c4b1f89bf890,sb_f9f2e8087ca2153be6795acef1d4c97a,ap_6afb041625efc9e04478b97493808bf2
fr_899243dd4d93499ae663791e5573176d,KIN:027,sb_a3acb17a6d4291d41e3a827ed0ad3fb0,sb_f9f2e8087ca2153be6795acef1d4c97a,ap_6afb041625efc9e04478b97493808bf2
fr_3c2188396144b1de86830be032cada1e,KIN:032,sb_b1e86a99ee6238fc9a2f8154a5b74d70,sb_f9f2e8087ca2153be6795acef1d4c97a,ap_6afb041625efc9e04478b97493808bf2
fr_fa858d9df43d58f4123cc49a73a8039b,KIN:028,sb_4de06b16a7a7c31fa5026170262d8afc,sb_f9f2e8087ca2153be6795acef1d4c97a,ap_6afb041625efc9e04478b97493808bf2
fr_bf3caaabe620b3f7eb53e205df5f1353,KIN:032,sb_4902cb9c68819753fe917da076dff31d,sb_f9f2e8087ca2153be6795acef1d4c97a,ap_6afb041625efc9e04478b97493808bf2
fr_373f647da617fdb7c4f6592ecd145ff5,KIN:027,sb_6d3c8a3479561aa5df2ee42e418979eb,sb_f9f2e8087ca2153be6795acef1d4c97a,ap_6afb041625efc9e04478b97493808bf2
fr_15a0e8e0e871d4cab201ed485df21622,KIN:032,sb_9b8bb0745a5899842c2239e14001f03f,sb_f9f2e8087ca2153be6795acef1d4c97a,ap_6afb041625efc9e04478b97493808bf2
fr_e2e23193740e8c5e5096485b45ed54aa,KIN:032,sb_4f3c53fea15390a00e15abe479149af6,sb_f9f2e8087ca2153be6795acef1d4c97a,ap_6afb041625efc9e04478b97493808bf2
